{
  "annual_holidays": [
    {
      "date": "01/01",
      "name": "Año Nuevo",
      "type": "national"
    },
    {
      "date": "06/01",
      "name": "Reyes Magos",
      "type": "national"
    },
    {
      "date": "01/05",
      "name": "Fiesta del Trabajo",
      "type": "national"
    },
    {
      "date": "15/08",
      "name": "Asunción de la Virgen",
      "type": "national"
    },
    {
      "date": "12/10",
      "name": "Fiesta Nacional de España",
      "type": "national"
    },
    {
      "date": "01/11",
      "name": "Todos los Santos",
      "type": "national"
    },
    {
      "date": "06/12",
      "name": "Día de la Constitución",
      "type": "national"
    },
    {
      "date": "08/12",
      "name": "Inmaculada Concepción",
      "type": "national"
    },
    {
      "date": "25/12",
      "name": "Navidad",
      "type": "national"
    }
  ],
  "regional_holidays": {
    "madrid": {
      "2023": [
        {
          "date": "15/05",
          "name": "San Isidro"
        },
        {
          "date": "09/11",
          "name": "Virgen de la Almudena"
        }
      ],
      "2024": [
        {
          "date": "15/05",
          "name": "San Isidro"
        },
        {
          "date": "09/11",
          "name": "Virgen de la Almudena"
        }
      ],
      "2025": [
        {
          "date": "02/05",
          "name": "Fiesta de la Comunidad de Madrid"
        },
        {
          "date": "15/05",
          "name": "San Isidro"
        },
        {
          "date": "09/11",
          "name": "Virgen de la Almudena"
        }
      ]
    }
  },
  "movable_holidays": {
    "2023": [
      {
        "date": "06/04",
        "name": "Jueves Santo"
      },
      {
        "date": "07/04",
        "name": "Viernes Santo"
      }
    ],
    "2024": [
      {
        "date": "28/03",
        "name": "Jueves Santo"
      },
      {
        "date": "29/03",
        "name": "Viernes Santo"
      }
    ],
    "2025": [
      {
        "date": "17/04",
        "name": "Jueves Santo"
      },
      {
        "date": "18/04",
        "name": "Viernes Santo"
      }
    ]
  },
  "personal_vacations": {
    "2023": [
      {
        "date": "17/04/2023",
        "note": "Vacaciones Semana Santa"
      },
      {
        "date": "18/04/2023",
        "note": "Vacaciones Semana Santa"
      },
      {
        "date": "19/04/2023",
        "note": "Vacaciones Semana Santa"
      },
      {
        "date": "20/04/2023",
        "note": "Vacaciones Semana Santa"
      },
      {
        "date": "21/04/2023",
        "note": "Vacaciones Semana Santa"
      },
      {
        "date": "26/04/2023",
        "note": "Vacaciones personales"
      },
      {
        "date": "27/04/2023",
        "note": "Vacaciones personales"
      },
      {
        "date": "28/04/2023",
        "note": "Vacaciones personales"
      }
    ],
    "2024": [],
    "2025": []
  },
  "occasional_telework": {
    "2023": [
      {
        "date": "05/04/2023",
        "note": "Teletrabajo ocasional"
      },
      {
        "date": "10/05/2023",
        "note": "Teletrabajo ocasional"
      },
      {
        "date": "11/08/2023",
        "note": "Teletrabajo ocasional"
      },
      {
        "date": "16/08/2023",
        "note": "Teletrabajo ocasional"
      }
    ],
    "2024": [],
    "2025": []
  },
  "metadata": {
    "version": "1.0",
    "last_updated": "2025-12-07",
    "description": "Festivos nacionales, regionales (Madrid), fechas móviles y configuración personal",
    "notes": "Actualizar festivos móviles anualmente (Semana Santa, etc.)"
  }
}
